{
    "myHexa": {
        "skillCore1": "0",
        "skillCore2": "0",
        "masteryCore1": "0",
        "masteryCore2": "0",
        "masteryCore3": "0",
        "masteryCore4": "0",
        "reinCore1": "0",
        "reinCore2": "0",
        "reinCore3": "0",
        "reinCore4": "0",
        "generalCore2": "0",
        "hexaStat": 0,
        "character_class": "   ",
        "hexaSkill": {
            "skillCore1": 0,
            "skillCore2": 0,
            "masteryCore1": 0,
            "masteryCore2": 0,
            "masteryCore3": 0,
            "masteryCore4": 0,
            "reinCore1": 0,
            "reinCore2": 0,
            "reinCore3": 0,
            "reinCore4": 0
        },
        "hexaSkill_general": {
            "generalCore1": 0
        },
        "hexaSkill_used": {
            "sole_Erda": 15,
            "sole_ErdaPrice": 0
        },
        "hexaStat_opened": true
    },
    "specEff": {
        "dmgeff1": 0.0010481469392156217,
        "atkeff1": 0.00036484082122312245,
        "atkPereff1": 0.004638046825720554,
        "cridmgeff1": 0.003558718861209842,
        "igreff1": 0.00022956727257361642,
        "mainStateff1": 0.0001172730255902652,
        "mainStatPereff1": 0.0012453749778095764,
        "mainStatAbseff1": 2.151798634683777e-05,
        "subStateff1": 1.2534227047032997e-05,
        "subStatPereff1": 0.00017209009580883405,
        "subStatAbseff1": 5.379496586709332e-06,
        "ssubStateff1": 0,
        "ssubStatPereff1": 0,
        "ssubStatAbseff1": 0,
        "allStatEff": 0.001417465073618411,
        "igreffminus40": -0.015304484838247312,
        "igreffminus35": -0.012361314677046042,
        "igreffminus30": -0.009838597396016224,
        "igreffminus20": -0.005739181814342853,
        "igreffminus15": -0.004051187163065295,
        "igreffminus10": -0.0025507474730414037,
        "igreff1_380": 0.0002925763037686657,
        "igreffminus40_380": -0.01950508691791497,
        "igreffminus35_380": -0.0157541086644698,
        "igreffminus30_380": -0.012538984447231005,
        "igreffminus20_380": -0.0073144075942183084,
        "igreffminus15_380": -0.005163111242977303,
        "igreffminus10_380": -0.0032508478196527912
    },
    "sole": false,
    "suro": false,
    "cycle": "3",
    "userStat": {
        "doping": {
            "bigHero": false,
            "greatIgnoreGuard": false,
            "dragonsMeal": false,
            "extreme": true,
            "fish": false,
            "guildBlessing": false,
            "jangBi": false,
            "legendHero": false,
            "legendHp": false,
            "rebootAtkPotion": false,
            "shiningRed": true,
            "shiningBlue": false,
            "statPotion": true,
            "stat": "30",
            "superPower": false,
            "unionsPower": true,
            "urus": false,
            "heroesHawl": true,
            "noblessBoss": true,
            "noblessDmg": true,
            "noblessCriDmg": true,
            "noblessIgnore": false,
            "nobless": [
                "15",
                "15",
                "15",
                "13"
            ],
            "sayram": true,
            "collector": false,
            "buff275": false,
            "additional1": true,
            "additional2": false,
            "championAll": "0",
            "championAtk": "0",
            "championBoss": "0",
            "championIgnore": "0",
            "championCriDmg": "0",
            "authenticDmg": false,
            "moonshine": false,
            "cake": false,
            "apple": false,
            "tengu": false,
            "candy": false,
            "house": false,
            "wedding": false,
            "specialWedding": false,
            "whiteBear": false,
            "ultraVip": false,
            "superVip": false,
            "truffle": false,
            "medal": false,
            "hyperRainbow": false,
            "rainbow": false,
            "thanks": false
        },
        "linkSkill": {
            "ark": "3",
            "illium": "3",
            "kadena": "3",
            "kain": "3",
            "magician": "9",
            "thief": "9",
            "angel": "3",
            "hoyoung": "0",
            "mukhyun": "3",
            "mihile": "0",
            "kaiser": "0",
            "hayato": "0",
            "kanna": "3"
        },
        "special": {
            "isReboot": true,
            "combat": true,
            "epiSoul": "0",
            "mugongSoul": "0",
            "genesis": true,
            "destiny": true,
            "oneHandSword": false,
            "useRuinForceShild": false,
            "useContinuousRingAsMainRing": false,
            "restraintRing": "4",
            "weaponRing": "0",
            "riskTaker": "0",
            "ringOfSum": "0",
            "statThird": "13024",
            "statFourth": "11797",
            "continuosRing": "5",
            "challenge": false,
            "is30min": false,
            "destiny2ndSkill": false
        },
        "stat": {
            "myClass": "   ",
            "level": "260",
            "mainStatBase": "5116",
            "mainStatPer": "445",
            "mainStatAbs": "12950",
            "subStatBase": "3154",
            "subStatPer": "133",
            "subStatAbs": "470",
            "ssubStatBase": "0",
            "ssubStatPer": "0",
            "ssubStatAbs": "0",
            "arcaneForce": "1340",
            "authenticForce": "20",
            "atkBase": "2545",
            "atkAbs": "0",
            "dmg": "115",
            "bossDmg": "377",
            "normalDmg": "12",
            "ignoreDef": "98.36",
            "buffDuration": "94",
            "critical": "100",
            "criticalDmg": "108",
            "weaponAtk": "577",
            "atkPercent": "74",
            "coolTimeReducePercent": "6",
            "coolTimeReduce": "0",
            "wildhunterUnion": "260",
            "resetCoolDown": "7.5",
            "statusAdditionalDmg": "22",
            "passiveSkillLevelUp": false,
            "increaseTarget": false,
            "summonPersistTime": "15",
            "artifact_increaseTarget": true,
            "artifact_finalAttack": "15",
            "subStat_hyper": "",
            "subStat_ability": "",
            "subStat_union": "",
            "subStat_doping": "",
            "subStat_afterDoping": "",
            "ssubStat_hyper": "",
            "ssubStat_ability": "",
            "ssubStat_union": "",
            "ssubStat_doping": "",
            "ssubStat_afterDoping": "",
            "ignoreElementalResist": "4",
            "maple_combatPower": "",
            "tms_fd": "0"
        },
        "hexa": {
            "skillCore1": "0",
            "skillCore2": "0",
            "masteryCore1": "0",
            "masteryCore2": "0",
            "masteryCore3": "0",
            "masteryCore4": "0",
            "reinCore1": "0",
            "reinCore2": "0",
            "reinCore3": "0",
            "reinCore4": "0",
            "generalCore2": "0",
            "hexaStat": 0,
            "character_class": "   ",
            "hexaSkill": {
                "skillCore1": 0,
                "skillCore2": 0,
                "masteryCore1": 0,
                "masteryCore2": 0,
                "masteryCore3": 0,
                "masteryCore4": 0,
                "reinCore1": 0,
                "reinCore2": 0,
                "reinCore3": 0,
                "reinCore4": 0
            },
            "hexaSkill_general": {
                "generalCore1": 0
            },
            "hexaSkill_used": {
                "sole_Erda": 15,
                "sole_ErdaPrice": 0
            },
            "hexaStat_opened": false
        },
        "seedRing": {
            "restraintRing": {
                "level": "4",
                "efficiency": 27.027027027027017
            },
            "weaponRing": {
                "level": "0",